ကျောက်တံတား,ပန်းပဲတန်း,လမ်းမတော်,လသာ,ဒဂုံ,အလုံ,စမ်းချောင်း,ကြည့်မြင်တိုင်,ဗိုလ်တထောင်,ပုဇွန်တောင်,မင်္ဂလာတောင်ညွန့်,သာကေတ,ဒေါပုံ,တာမွေ,သင်္ဃန်းကျွန်း,ရန်ကင်း,တောင်ဥက္ကလာပ,ဗဟန်း,ကမာရွတ်,လှိုင်,မရမ်းကုန်း,မြောက်ဥက္ကလာပ,မြောက် ဒဂုံ,တောင်ဒဂုံ,အရှေ့ဒဂုံ,ဒဂုံဆိပ်ကမ်း,အင်းစိန်,လှိုင်သာယာအရှေ့ပိုင်း,လှိုင်သာယာအနောက်ပိုင်း,မင်္ဂလာဒုံ,ရွှေပြည်သာ,လှည်းကူး,မှော်ဘီ,ထန်းတပင်,တိုက်ကြီး,ဆိပ်ကြီးခနောင်တို,ဒလ,ကော့မှူး,ကွမ်းခြံကုန်း,တွံတေး,သန်လျင်,ကျောက်တန်း,ခရမ်း,သုံးခွ,ကိုကိုးကျွန်း
အမှတ် (၁) ရပ်ကွက်,အမှတ် (၁) ရပ်ကွက်,အမှတ် (၁) ရပ်ကွက်,အမှတ် (၁) ရပ်ကွက်,ယောမင်းကြီးရပ်ကွက်,ဧရာဝတီရပ်ကွက်,ဝေဠုဝန် (မြောက်) ရပ်ကွက်,သရက်တော (မြောက်) ရပ်ကွက်,အမှတ် (၁) ရပ်ကွက်,အမှတ် (၁) ရပ်ကွက်,ဥယျာဥ်ရပ်ကွက်,၁/အနော်မာ ရပ်ကွက်,နွယ်အေး ရပ်ကွက်,မအူကုန်းရပ်ကွက်,က ရပ်ကွက်,အမှတ် (၁) ရပ်ကွက်,အမှတ် (၃) ရပ်ကွက်,မြို့မရပ်ကွက်,အမှတ် (၁) ရပ်ကွက်,အမှတ် (၁) ရပ်ကွက်,အမှတ် (၁) ရပ်ကွက် (သမိုင်းဘူတာအနောက်),အမှတ် (၁) ရပ်ကွက်,အမှတ် (၁၆) ရပ်ကွက်,အမှတ် (၁၇) တောင်ပိုင်း ရပ်ကွက်,အမှတ် (၁) ရပ်ကွက်,အမှတ် (၅၈) ရပ်ကွက်,ကမ်းနား (အနောက်) ရပ်ကွက်,အမှတ် (၁) ရပ်ကွက်,အမှတ် (၉) ရပ်ကွက်,ကြံခင်းစုရပ်ကွက်,အမှတ် (၁) ရပ်ကွက်,အောင်မင်္ဂလာရပ်ကွက်,အမှတ် (၁) ရပ်ကွက်,အမှတ် (၁) ရပ်ကွက်,အင်္ဂလားရပ်ကွက်,ဆိပ်ကြီး (အရှေ့)​ ရပ်ကွက်,သမတကမ်းခြေရပ်ကွက်,မြို့သစ်ရပ်ကွက်,မြို့မရပ်ကွက်,ကွမ်းခြံရပ်ကွက်,မြို့ဟောင်းအနောက်ရပ်ကွက်,အရှေ့ပိုင်းရပ်ကွက်,အမှတ် (၁) ရပ်ကွက်,အမှတ် (၁) ရပ်ကွက်,အမှတ် (၁) ရပ်ကွက်
အမှတ် (၂) ရပ်ကွက်,အမှတ် (၂) ရပ်ကွက်,အမှတ် (၂) ရပ်ကွက်,အမှတ် (၂) ရပ်ကွက်,ဦးဝိစာရရပ်ကွက်,စောရန်ပိုင် (အနောက်) ရပ်ကွက်,ဝေဠုဝန် (တောင်) ရပ်ကွက်,သရက်တော (တောင်) ရပ်ကွက်,အမှတ် (၂) ရပ်ကွက်,အမှတ် (၂) ရပ်ကွက်,စံပြ ဖဆပလ ရပ်ကွက်,၁/ထူပါရုံ ရပ်ကွက်,ဗမာအေး ရပ်ကွက်,ပုဏ္ဏားကုန်းရပ်ကွက်,ခ ရပ်ကွက်,အမှတ် (၂) ရပ်ကွက်,အမှတ် (၄) ရပ်ကွက် ,ကြားတောရရပ်ကွက်,အမှတ် (၂) ရပ်ကွက်,အမှတ် (၂) ရပ်ကွက်,အမှတ် (၂) ရပ်ကွက် (သမိုင်းမြို့),အမှတ် (၂) ရပ်ကွက်,အမှတ် (၂၇) ရပ်ကွက်,အမှတ် (၁၈) ရပ်ကွက်,အမှတ် (၂) ရပ်ကွက်,အမှတ် (၅၉) ရပ်ကွက်,ကမ်းနား (အလယ်) ရပ်ကွက်,အမှတ် (၂) ရပ်ကွက်,အမှတ် (၁၀) ရပ်ကွက်,အနန်းပင်ရပ်ကွက်,အမှတ် (၂) ရပ်ကွက်,ပြည်တော်သာရပ်ကွက်,အမှတ် (၂) ရပ်ကွက်,အမှတ် (၂) ရပ်ကွက်,အိုးတန်းရပ်ကွက်,ဆိပ်ကြီး (အနောက်) ရပ်ကွက်,အံ့ကြီးအရှေ့ (အံ့ကြီး) ရပ်ကွက်,မြို့မပိုင်းရပ်ကွက်,ကံကြီး/မကျီးတန်းရပ်ကွက်,စျေးသစ်ရပ်ကွက်,မြို့ဟောင်းအလယ်ရပ်ကွက်,အလယ်ပိုင်းရပ်ကွက်,အမှတ် (၂) ရပ်ကွက်,အမှတ် (၂) ရပ်ကွက်,အမှတ် (၂) ရပ်ကွက်
အမှတ် (၃) ရပ်ကွက်,အမှတ် (၃) ရပ်ကွက်,အမှတ် (၃) ရပ်ကွက်,အမှတ် (၃) ရပ်ကွက်,ပြည်လမ်း (အရှေ့) ရပ်ကွက်,စောရန်ပိုင် (အရှေ့) ရပ်ကွက်,မုန့်လက်ဆောင်းကုန်း (မြောက်) ရပ်ကွက်,သာဓု (အရှေ့) ရပ်ကွက်,အမှတ် (၃) ရပ်ကွက်,အမှတ် (၃) ရပ်ကွက်,ကန်တော်ကလေး (မြောက်) ရပ်ကွက်,၂/တောင် ရပ်ကွက်,ဗိုလ်ထွန်းဇံ ရပ်ကွက်,အရိုးကုန်းရပ်ကွက်,ဂ ရပ်ကွက်,အမှတ် (၃) ရပ်ကွက်,အမှတ် (၅) ရပ်ကွက်,ရေတာရှည်ရပ်ကွက်,အမှတ် (၃) ရပ်ကွက်,အမှတ် (၃) ရပ်ကွက်,အမှတ် (၃) ရပ်ကွက် (ကျိုက်ဝိုင်းကြီး),က ရပ်ကွက်,အမှတ် (၂၈) ရပ်ကွက်,အမှတ် (၁၉) ရပ်ကွက်,အမှတ် (၃) ရပ်ကွက်,အမှတ် (၆၀) ရပ်ကွက်,ကွက်သစ်ရပ်ကွက်,အမှတ် (၃) ရပ်ကွက်,အမှတ် (၁၁) ရပ်ကွက်,ချစ်တီးကုန်းရပ်ကွက်,အမှတ် (၃) ရပ်ကွက်,သာသနာ့ရိပ်သာရပ်ကွက်,အမှတ် (၃) ရပ်ကွက်,အမှတ် (၃) ရပ်ကွက်,စျေးရပ်ကွက်,ခနောင်တို (အရှေ့) ရပ်ကွက်,အံ့ကြီးအနောက် (ပျဥ်းမကုန်း) ရပ်ကွက်,မကျီးတန်းရပ်ကွက်,စျေးပိုင်းရပ်ကွက်,အုံးပင်စုရပ်ကွက်,မြို့ဟောင်းအရှေ့ရပ်ကွက်,အနောက်ပိုင်းရပ်ကွက်,အမှတ် (၃) ရပ်ကွက်,အမှတ် (၃) ရပ်ကွက်,
အမှတ် (၄) ရပ်ကွက် ,အမှတ် (၄) ရပ်ကွက် ,အမှတ် (၄) ရပ်ကွက် ,အမှတ် (၄) ရပ်ကွက် ,ပြည်လမ်း (အနောက်) ရပ်ကွက်,စောရန်ပိုင် (တောင်) ရပ်ကွက်,မုန့်လက်ဆောင်းကုန်း (တောင်) ရပ်ကွက်,သာဓု (အနောက်) ရပ်ကွက်,အမှတ် (၄) ရပ်ကွက် ,အမှတ် (၄) ရပ်ကွက် ,ကန်တော်ကလေး (အနောက်) ရပ်ကွက်,၂/မြောက် ရပ်ကွက်,ကြည်စု ရပ်ကွက်,ပျားရည်ကုန်းရပ်ကွက်,ဃ ရပ်ကွက်,အမှတ် (၄) ရပ်ကွက် ,အမှတ် (၆) ရပ်ကွက်,အနောက်ရွှေဂုံတိုင်ရပ်ကွက်,အမှတ် (၄) ရပ်ကွက် ,အမှတ် (၄) ရပ်ကွက် ,အမှတ် (၄) ရပ်ကွက် (ကျိုက်ဝိုင်းလေး),ခ ရပ်ကွက်,အမှတ် (၂၉) ရပ်ကွက်,အမှတ် (၂၀) ရပ်ကွက်,အမှတ် (၄) ရပ်ကွက် ,အမှတ် (၆၁) ရပ်ကွက်,ပေါက်တောရပ်ကွက်,အမှတ် (၄) ရပ်ကွက် ,အမှတ် (၁၂) ရပ်ကွက်,အမှတ် (၂-က) ရပ်ကွက်,အမှတ် (၄) ရပ်ကွက် ,စျေးပိုင်းရပ်ကွက်,အမှတ် (၄) ရပ်ကွက် ,အမှတ် (၄) ရပ်ကွက် ,ဗောဓိကုန်းရပ်ကွက်,ခနောင်တို (အနောက်) ရပ်ကွက်,အမှတ် (၆) ရပ်ကွက်,တာလမ်းသစ်ရပ်ကွက်,တောင်ဘက်ပိုင်းရပ်ကွက်,မင်းပိုင်းရပ်ကွက်,သောက်တော်ကွင်းရပ်ကွက်,ဆင်ကန်ရပ်ကွက်,အမှတ် (၄) ရပ်ကွက် ,အမှတ် (၄) ရပ်ကွက် ,
အမှတ် (၅) ရပ်ကွက်,အမှတ် (၅) ရပ်ကွက်,အမှတ် (၅) ရပ်ကွက်,အမှတ် (၅) ရပ်ကွက်,ဘုရားကြီးရပ်ကွက်,ဌာနာရပ်ကွက်,ကျွန်းတော (မြောက်) ရပ်ကွက်,မကျည်းတန်း (မြောက်/အရှေ့) ရပ်ကွက်,အမှတ် (၅) ရပ်ကွက်,အမှတ် (၅) ရပ်ကွက်,ကန်တော်ကလေး (အရှေ့) ရပ်ကွက်,၃/ရန်ပြေ ရပ်ကွက်,ဆေးစက် ရပ်ကွက်,နတ်မောက်ရပ်ကွက်,င/က ရပ်ကွက်,အမှတ် (၅) ရပ်ကွက်,အမှတ် (၇) ရပ်ကွက်,ရွှေတောင်ကြားအမှတ် (၁) ရပ်ကွက်,အမှတ် (၅) ရပ်ကွက်,အမှတ် (၅) ရပ်ကွက်,အမှတ် (၅) ရပ်ကွက် (စိန်ပန်းမြိုင်၊ကိုးမိုင်),ဂ ရပ်ကွက်,အမှတ် (၃၀) ရပ်ကွက်,အမှတ် (၂၁) ရပ်ကွက်,အမှတ် (၅) ရပ်ကွက်,အမှတ် (၆၇) ရပ်ကွက်,စျေးကုန်း (အနောက်) ရပ်ကွက်,အမှတ် (၅) ရပ်ကွက်,အမှတ် (၁၃) ရပ်ကွက် ,အမှတ် (၂-ခ) ရပ်ကွက်,အမှတ် (၅) ရပ်ကွက်,မြို့မရပ်ကွက်,ကျေးရွာအုပ်စုများ,အမှတ် (၅) ရပ်ကွက်,ဘူတာရပ်ကွက်,ဦးထွန်းအိုရပ်ကွက်,အမှတ် (၁၁/၁၄) ရပ်ကွက်,ပြည်တော်သာရပ်ကွက်,မင်းပိုင်းရပ်ကွက်,ကျွန်းတောရပ်ကွက်,အုပ်ဖိုစုရပ်ကွက်,ရွှေကုန်းရပ်ကွက်,အမှတ် (၅) ရပ်ကွက်,အမှတ် (၅) ရပ်ကွက်,
အမှတ် (၆) ရပ်ကွက်,အမှတ် (၆) ရပ်ကွက်,အမှတ် (၆) ရပ်ကွက်,အမှတ် (၆) ရပ်ကွက်,,စောရန်ပိုင် (မြောက်) ရပ်ကွက်,ကျွန်းတော (အလယ်) ရပ်ကွက်,မကျည်းတန်း (မြောက်/အနောက်) ရပ်ကွက်,အမှတ် (၆) ရပ်ကွက်,အမှတ် (၆) ရပ်ကွက်,ကန်တော်ကလေး (တောင်) ရပ်ကွက်,၃/မန်ပြေ ရပ်ကွက်,မြို့သစ် ရပ်ကွက်,ဘိုလိန်းအောင်မင်္ဂလာရပ်ကွက်,င/ခ ရပ်ကွက်,အမှတ် (၆) ရပ်ကွက်,အမှတ် (၈) ရပ်ကွက်,ရွှေတောင်ကြားအမှတ် (၂) ရပ်ကွက်,အမှတ် (၆) ရပ်ကွက်,အမှတ် (၆) ရပ်ကွက်,အမှတ် (၆) ရပ်ကွက် (ဥာဏစာဂီ),ဃ ရပ်ကွက်,အမှတ် (၃၁) ရပ်ကွက်,အမှတ် (၂၂) ရပ်ကွက် ,အမှတ် (၆) ရပ်ကွက်,အမှတ် (၆၈) ရပ်ကွက်,စျေးကုန်း (အရှေ့) ရပ်ကွက်,အမှတ် (၆) ရပ်ကွက်,အမှတ် (၁၄) ရပ်ကွက်,အမှတ် (၃-က) ရပ်ကွက်,အမှတ် (၆) ရပ်ကွက်,ကျေးရွာအုပ်စုများ,တပ်ကြီးကုန်းကျေးရွာအုပ်စု,ကျေးရွာအုပ်စုများ,ဥပ္ပုံစုရပ်ကွက်,ပန်းပင်ချောင်ရပ်ကွက်,ညောင်ကုန်းရပ်ကွက်,တောင်ပိုင်းရပ်ကွက်,တော်ပုလွဲရပ်ကွက်,ရွှေဆံတော်ရပ်ကွက်,အမှုထမ်းရပ်ကွက်,စံချိန်မီရပ်ကွက်,အမှတ် (၆) ရပ်ကွက်,အမှတ် (၆) ရပ်ကွက်,
အမှတ် (၇) ရပ်ကွက်,အမှတ် (၇) ရပ်ကွက်,အမှတ် (၇) ရပ်ကွက်,အမှတ် (၇) ရပ်ကွက်,,ဆင်မင်းရပ်ကွက်,ကျွန်းတော (တောင်) ရပ်ကွက်,မကျည်းတန်း (တောင်/အရှေ့) ရပ်ကွက်,အမှတ် (၇) ရပ်ကွက်,အမှတ် (၇) ရပ်ကွက်,သိမ်ဖြူမီးရထားရပ်ကွက်,၄/တောင် ရပ်ကွက်,ပုသိမ်မြေ ရပ်ကွက်,ကျောက်မြောင်းကြီးရပ်ကွက်,ဗိုလ်ကံညွန့် ရပ်ကွက်,အမှတ် (၇) ရပ်ကွက်,အမှတ် (၉) ရပ်ကွက်,ဆရာစံ (မြောက်/အနောက်) ရပ်ကွက်,အမှတ် (၇) ရပ်ကွက်,အမှတ် (၇) ရပ်ကွက်,အမှတ် (၇) ရပ်ကွက် (ရွာတန်းရှည်),င ရပ်ကွက်,အမှတ် (၃၂) ရပ်ကွက်,အမှတ် (၂၃) ရပ်ကွက်,အမှတ် (၇) ရပ်ကွက်,အမှတ် (၆၉) ရပ်ကွက်,ပိန္နဲကုန်းရပ်ကွက်,အမှတ် (၇) ရပ်ကွက်,အမှတ် (၁၆) ရပ်ကွက်,အမှတ် (၃-ခ) ရပ်ကွက်,အမှတ် (၇) ရပ်ကွက်,ဖောင်ကြီး (အရှေ့) ကျေးရွာအုပ်စု,လှပဒါးကျေးရွာအုပ်စု,ထိန်နှစ်ပင်ကျေးရွာအုပ်စု,ရှမ်းစုရပ်ကွက်,(၅/၆/၇) ရပ်ကွက်,မြို့မအပိုင်း (၁) ရပ်ကွက်,ဘုရားလမ်းရပ်ကွက်,စံပြရပ်ကွက်,အိုးဘို (အရှေ့) ရပ်ကွက်,ပဲခူးစုရပ်ကွက်,သီတာမြိုင်ရပ်ကွက်,အမှတ် (၇) ရပ်ကွက်,အမှတ် (၇) ရပ်ကွက်,
အမှတ် (၈) ရပ်ကွက်,အမှတ် (၈) ရပ်ကွက်,အမှတ် (၈) ရပ်ကွက်,အမှတ် (၈) ရပ်ကွက်,,ဂဠုန်ရပ်ကွက်,သံတံတားရပ်ကွက်,မကျည်းတန်း (တောင်/အနောက်) ရပ်ကွက်,အမှတ် (၈) ရပ်ကွက်,အမှတ် (၈) ရပ်ကွက်,လွတ်လပ်ရေးရပ်ကွက်,၄/မြောက် ရပ်ကွက်,ဝါဆို ရပ်ကွက်,ကျောက်မြောင်းအထက်ရပ်ကွက်,ဘဏ်ရိပ်သာ ရပ်ကွက်,အမှတ် (၈) ရပ်ကွက်,အမှတ် (၁၀) ရပ်ကွက်,ဆရာစံ (မြောက်/အရှေ့) ရပ်ကွက်,အမှတ် (၈) ရပ်ကွက်,အမှတ် (၈) ရပ်ကွက်,အမှတ် (၈) ရပ်ကွက် (ကမ္ဘာအေးစံပြ),စ ရပ်ကွက်,အမှတ် (၃၃) ရပ်ကွက်,အမှတ် (၂၄) ရပ်ကွက် ,အမှတ် (၈) ရပ်ကွက်,အမှတ် (၇၃) ရပ်ကွက်,မြို့သစ် (က+ခ) ရပ်ကွက်,အမှတ် (၈) ရပ်ကွက်,အမှတ် (၁၇) ရပ်ကွက်,စမ်းကြီးဝရပ်ကွက်,အမှတ် (၈) ရပ်ကွက်,ဖောင်ကြီး (အနောက်) ကျေးရွာအုပ်စု,မင်းကျေးရွာအုပ်စု,သံပုရာခုံကျေးရွာအုပ်စု,မင်္ဂလာရပ်ကွက်,ချောင်းဝိုင်းလေးရပ်ကွက်,မြို့မအပိုင်း (၂) ရပ်ကွက်,ကျေးရွာအုပ်စုများ,ကျေးရွာအုပ်စုများ,အိုးဘို (အနောက်) ရပ်ကွက်,ထန်းပင်ကုန်းရပ်ကွက်,ရွှေပြည်သာယာရပ်ကွက်,အမှတ် (၈) ရပ်ကွက်,အမှတ် (၈) ရပ်ကွက်,
အမှတ် (၉) ရပ်ကွက်,အမှတ် (၉) ရပ်ကွက်,အမှတ် (၉) ရပ်ကွက်,အမှတ် (၉) ရပ်ကွက်,,လွတ်လပ်ရေးရပ်ကွက်,လင်းလွန်း (မြောက်) ရပ်ကွက်,စျေးကြီး (အရှေ့) ရပ်ကွက်,အမှတ် (၉) ရပ်ကွက်,အမှတ် (၉) ရပ်ကွက်,ဖို့မြေရပ်ကွက်,၅/ ရပ်ကွက်,အောင်ချမ်းသာ ရပ်ကွက်,ကျောက်မြောင်း (အရှေ့) ရပ်ကွက်,ရန်အောင် ရပ်ကွက်,အမှတ် (၉) ရပ်ကွက်,အမှတ် (၁၁) ရပ်ကွက်,ဆရာစံ (တောင်) ရပ်ကွက်,အမှတ် (၉) ရပ်ကွက်,အမှတ် (၉) ရပ်ကွက်,အမှတ် (၉) ရပ်ကွက် (ရေကူး),ဆ ရပ်ကွက်,အမှတ် (၃၄) ရပ်ကွက် ,အမှတ် (၂၅) ရပ်ကွက်,အမှတ် (၉) ရပ်ကွက်,အမှတ် (၇၄) ရပ်ကွက် ,မြို့သစ် (ဂ) ရပ်ကွက်,အမှတ် (၁၅) ရပ်ကွက်,အမှတ် (၁၈) ရပ်ကွက်,တပ်မတော်စံပြရပ်ကွက်,အမှတ် (၉) ရပ်ကွက်,ဝါးချောင်း (အရှေ့) ကျေးရွာအုပ်စု,ပက်တန်းကျေးရွာအုပ်စု,ကလိန်ကျေးရွာအုပ်စု,ဥက္ကံမြို့ ,သခင်ဘသောင်းရပ်ကွက်,မြို့မအပိုင်း (၃) ရပ်ကွက်,ထန်းပင်ချောင်ကျေးရွာအုပ်စု,ကမာပါကျေးရွာအုပ်စု,ကျေးရွာအုပ်စုများ,မြို့သစ်အရှေ့ရပ်ကွက်,အေးမြသီတာရပ်ကွက်,အမှတ် (၉) ရပ်ကွက်,အမှတ် (၉) ရပ်ကွက်,
,အမှတ် (၁၀) ရပ်ကွက်,အမှတ် (၁၀) ရပ်ကွက်,အမှတ် (၁၀) ရပ်ကွက်,,ကရင်ခြံရပ်ကွက်,လင်းလွန်း (တောင်) ရပ်ကွက်,စျေးကြီး (အနောက်) ရပ်ကွက်,အမှတ် (၁၀) ရပ်ကွက်,အမှတ် (၁၀) ရပ်ကွက်,တောင်ညွန့်မီးရထားရပ်ကွက်,၆/အရှေ့ ရပ်ကွက်,လမုတန်း ရပ်ကွက်,ပုသိမ်ညွန့်ရပ်ကွက်,ဦးစံဖေ ရပ်ကွက်,အမှတ် (၁၁) ရပ်ကွက်,အမှတ် (၁၂) ရပ်ကွက်,သာသနာ့ရိပ်သာရပ်ကွက်,အမှတ် (၁၀) ရပ်ကွက်,အမှတ် (၁၀) ရပ်ကွက်,အမှတ် (၁၀) ရပ်ကွက် (ချော်တွင်းကုန်း),ဇ ရပ်ကွက်,အမှတ် (၃၅) ရပ်ကွက်,အမှတ် (၂၆) ရပ်ကွက်,အမှတ် (၁၀) ရပ်ကွက်,အမှတ် (၇၅) ရပ်ကွက်,ကြို့ကုန်း (အနောက်) ရပ်ကွက်,ကျေးရွာအုပ်စုများ,အမှတ် (၁၉) ရပ်ကွက်,ပေါက်ကုန်းရပ်ကွက်,အမှတ် (၁၀) ရပ်ကွက်,ဝါးချောင်း (အနောက်) ကျေးရွာအုပ်စု,ရွှေလှေကြီးကျေးရွာအုပ်စု,လမုတန်းကြီးကျေးရွာအုပ်စု,ကျန်စစ်သားရပ်ကွက်,,မြို့မအပိုင်း (၄) ရပ်ကွက်,ရေကျော်ကျေးရွာအုပ်စု,ကော့ဒွန်းကျေးရွာအုပ်စု,ခတ္တိယကျေးရွာအုပ်စု,မြို့သစ်အလယ်ရပ်ကွက်,တံတားမြို့,အမှတ် (၁၀) ရပ်ကွက်,အမှတ် (၁၀) ရပ်ကွက်,
,အမှတ် (၁၁) ရပ်ကွက်,အမှတ် (၁၁) ရပ်ကွက်,,,သစ်တောရပ်ကွက်,စမ်းချောင်း (မြောက်) ရပ်ကွက်,အိုးဘိုရပ်ကွက်,ဆိပ်ကမ်းမိသားစုရိပ်သာရပ်ကွက်,,မင်္ဂလာတောင်ညွန့်ရပ်ကွက်,၆/အနောက် ရပ်ကွက်,ယမုံနာ (၁) ရပ်ကွက်,ကျားကွက်သစ်ရပ်ကွက်,သွပ်ဝိုင်းကြီး ရပ်ကွက်,အမှတ် (၁၂) ရပ်ကွက်,အမှတ် (၁၃) ရပ်ကွက် ,ကျိက္ကဆံရပ်ကွက်,,အမှတ် (၁၁) ရပ်ကွက်,,စျ ရပ်ကွက်,အမှတ် (၃၆) ရပ်ကွက်,အမှတ် (၅၃) ရပ်ကွက်,အမှတ် (၁၁) ရပ်ကွက်,အမှတ် (၇၆) ရပ်ကွက်,ကြို့ကုန်း (အရှေ့) ရပ်ကွက်,ရွေလင်ဘန်းကျေးရွာအုပ်စု,အမှတ် (၂၀) ရပ်ကွက်,မင်္ဂလာဒုံစျေးရပ်ကွက်,အမှတ် (၁၁) ရပ်ကွက်,ပုတ်သင်ညိုကျေးရွာအုပ်စု,ပသီကျေးရွာအုပ်စု,ရိုးခွကျေးရွာအုပ်စု,ဦးအောင်ဇေယျရပ်ကွက်,,အောင်မင်္ဂလာရပ်ကွက်,ပျဥ်ကတိုးကျေးရွာအုပ်စု,ကန်လျှားရှည်ကျေးရွာအုပ်စု,အကလကျေးရွာအုပ်စု,မြို့သစ်အနောက်ရပ်ကွက်,အမှတ် (၁) ရပ်ကွက်,အမှတ် (၁၁) ရပ်ကွက်,အမှတ် (၁၁) ရပ်ကွက်,
,,အမှတ် (၁၂) ရပ်ကွက်,,,,စမ်းချောင်း (တောင်) ရပ်ကွက်,ဘောဂရပ်ကွက်,ရဲရိပ်သာရပ်ကွက်,,ကျီတော်ရပ်ကွက်,၇/အရှေ့ ရပ်ကွက်,ယမုံနာ (၂) ရပ်ကွက်,ဗျိုင်းရေအိုးစင်ကွက်သစ်ရပ်ကွက်,သုမင်္ဂလာ ရပ်ကွက်,အမှတ် (၁၃) ရပ်ကွက် ,အမှတ် (၁၄) ရပ်ကွက်,ဗိုလ်စိန်မှန်ရပ်ကွက်,,အမှတ် (၁၂) ရပ်ကွက်,,ည ရပ်ကွက်,အမှတ် (၃၇) ရပ်ကွက်,အမှတ် (၅၄) ရပ်ကွက် ,အမှတ် (၁၂) ရပ်ကွက်,အမှတ် (၇၇) ရပ်ကွက်,စော်ဘွားကြီးကုန်းရပ်ကွက်,ကစင်ကျေးရွာအုပ်စု,ကျေးရွာအုပ်စုများ,ပြန်လည်နေရာချထားရေးရပ်ကွက်,အမှတ် (၁၂) ရပ်ကွက်,ဂွေးတောက်အိုင်ကျေးရွာအုပ်စု,ချောင်းဝကျေးရွာအုပ်စု,ရေပေါ်သောင်ကျေးရွာအုပ်စု,အနော်ရထာရပ်ကွက်,,ဘီအိုင်/အိုင်အက်ဖ် ရပ်ကွက်,ညောင်ကုန်းကျေးရွာအုပ်စု,ကရင်ချောင်ကျေးရွာအုပ်စု,ကသပေါင်းကျေးရွာအုပ်စု,မြို့မတောင်ရပ်ကွက်,အမှတ် (၂) ရပ်ကွက်,အမှတ် (၁၂) ရပ်ကွက်,အမှတ် (၁၂) ရပ်ကွက်,
,,မော်တင်ယာယီစျေးရပ်ကွက်,,,,ရှင်စောပုရပ်ကွက်,စျေးကလေးရပ်ကွက်,,,တောင်လုံးပြန်ရပ်ကွက်,၇/အနောက် ရပ်ကွက်,ဇေယျာသီရိ ရပ်ကွက်,ဗျိုင်းရေအိုးစင်ရွာမရပ်ကွက်,နနွင်းကုန်း ရပ်ကွက်,အမှတ် (၁၄) ရပ်ကွက်,အမှတ် (၁၅) ရပ်ကွက်,အရှေ့ရွှေဂုံတိုင်ရပ်ကွက်,,အမှတ် (၁၃) ရပ်ကွက် ,,ဋ ရပ်ကွက်,အမှတ် (၃၈) ရပ်ကွက်,အမှတ် (၅၅) ရပ်ကွက်,အမှတ် (၁၃) ရပ်ကွက် ,အမှတ် (၇၈) ရပ်ကွက်,နံ့သာကုန်းရပ်ကွက်,ညောင်ကျေးရွာအုပ်စု,ကုလားကြီးစုကျေးရွာအုပ်စု,ပြည်တော်သာရပ်ကွက်,အမှတ် (၁၃) ရပ်ကွက် ,ကျုံးကလေးကျေးရွာအုပ်စု,မှော်ဘီချောင်းဝကျေးရွာအုပ်စု,ရေတွင်းကုန်းကျေးရွာအုပ်စု,ဗန္ဓုလရပ်ကွက်,,စက်မြေရပ်ကွက်,ကျိုက်ထော် (မြောက်) ကျေးရွာအုပ်စု,ကညင်ကုန်းကျေးရွာအုပ်စု,ကျွဲဒရွတ်ကျေးရွာအုပ်စု,မြို့မမြောက်ရပ်ကွက်,အမှတ် (၃) ရပ်ကွက်,ကွမ်းမိုးဒိန်းရပ်ကွက်,ကျေးရွာအုပ်စုများ,
,,,,,,အောင်ချမ်းသာရပ်ကွက်,ပန်းလှိုင်ရပ်ကွက်,,,ရေတွင်းကုန်းရပ်ကွက်,၈/ ရပ်ကွက်,သင်္ဘောကျင်း ရပ်ကွက်,မလွှကုန်းဌေးကြွယ် (က) ရပ်ကွက်,ဆ/က ရပ်ကွက်,အမှတ် (၁၅) ရပ်ကွက်,,အလယ်ရွှေဂုံတိုင်ရပ်ကွက်,,အမှတ် (၁၄) ရပ်ကွက်,,ဌ ရပ်ကွက်,အမှတ် (၃၉) ရပ်ကွက်,အမှတ် (၅၆) ရပ်ကွက်,အမှတ် (၁၄) ရပ်ကွက်,အမှတ် (၇၉) ရပ်ကွက်,တောင်သူကုန်းရပ်ကွက်,ရှမ်းချောင်းကျေးရွာအုပ်စု,အလယ်ကျေးရွာအုပ်စု,တောတိုက်ရပ်ကွက်,အမှတ် (၁၄) ရပ်ကွက်,သာယာကုန်းကျေးရွာအုပ်စု,နှောကုန်းကျေးရွာအုပ်စု,သဘော့ချောင်းကျေးရွာအုပ်စု,ဗိုလ်ချုပ်အောင်ဆန်းရပ်ကွက်,,ကမာကသွယ်ရပ်ကွက်,ကျိုက်ထော် (တောင်) ကျေးရွာအုပ်စု,ကြခတ်ကုန်းကြီးကျေးရွာအုပ်စု,ကရင်ချောင်းကျေးရွာအုပ်စု,အောင်မင်္ဂလာရပ်ကွက်,အမှတ် (၄) ရပ်ကွက် ,ကျေးရွာအုပ်စုများ,ပုလဲကျေးရွာအုပ်စု,
,,,,,,သီရိခေမာရပ်ကွက်,ထီးတန်းစက်မြေရပ်ကွက်,,,သပြေကုန်းရပ်ကွက်,၉/ ရပ်ကွက်,,နတ်ချောင်းရပ်ကွက်,ဆ/ခ ရပ်ကွက်,အမှတ် (၁၆) ရပ်ကွက်,,ကိုယ့်မင်းကိုယ့်ချင်းရပ်ကွက်,,အမှတ် (၁၅) ရပ်ကွက်,,တံတားကြီးရပ်ကွက်,အမှတ် (၄၀) ရပ်ကွက်,အမှတ် (၅၇) ရပ်ကွက်,အမှတ် (၁၅) ရပ်ကွက်,အမှတ် (၈၀) ရပ်ကွက်,ရွာမ (အရှေ့) ရပ်ကွက်,ရေဥက္ကံကျေးရွာအုပ်စု,အတွင်းပဒံကျေးရွာအုပ်စု,ထောက်ကြံ့ (တောင်ပိုင်း) ရပ်ကွက်,အမှတ် (၁၅) ရပ်ကွက်,ကြာအင်း (အနောက်) ကျေးရွာအုပ်စု,ဘန့်ဘွေးကုန်းကျေးရွာအုပ်စု,ဒေါင့်ကြီးကျေးရွာအုပ်စု,ဆင်ဖြူရှင်ရပ်ကွက်,,ကမာကဆစ်ရပ်ကွက်,အောက်ကျောင်းကျေးရွာအုပ်စု,ကြခတ်ကုန်းလေးကျေးရွာအုပ်စု,ခနောင်ထိန်တပင်ကျေးရွာအုပ်စု,ဒါရ်ဂါရပ်ကွက်,ကျေးရွာအုပ်စုများ,ပေါက်ပင်ကျေးရွာအုပ်စု,ညောင်နီကျေးရွာအုပ်စု,
,,,,,,ဟုမ်းလမ်းဘူတာရပ်ကွက်,ကရင်အမျိုးသားရပ်ကွက်,,,သာယာကုန်းရပ်ကွက်,၁၀/တောင် ရပ်ကွက်,,တာမွေကြီး (က+ဂ) ရပ်ကွက်,ဇ/တောင် ရပ်ကွက်,,,ငါးထပ်ကြီး (အနောက်/ရေလယ်) ရပ်ကွက်,,အမှတ် (၁၆) ရပ်ကွက်,,ကျောက်ရေတွင်းရပ်ကွက်,အမှတ် (၄၁) ရပ်ကွက်,အမှတ် (၆၂) ရပ်ကွက်,အမှတ် (၁၆) အရှေ့ပိုင်း ရပ်ကွက်,အမှတ် (၈၁) ရပ်ကွက်,ရွာမ (အလယ်) ရပ်ကွက်,,အပြင်ပဒံကျေးရွာအုပ်စု,ထောက်ကြံ့ (မြောက်ပိုင်း) ရပ်ကွက်,အမှတ် (၁၆) ရပ်ကွက်,ကျောက်ကုဒင်ကျေးရွာအုပ်စု,လှည်းငုတ်ချောင်းကျေးရွာအုပ်စု,နဲဗျောကျေးရွာအုပ်စု,ဘုရင့်နောင်ရပ်ကွက်,,မှော်စက်ရပ်ကွက်,သမဲ့ကျေးရွာအုပ်စု,ကန့်မလာကျေးရွာအုပ်စု,စာဖြူစုကျေးရွာအုပ်စု,ရေနံရပ်ကွက်,ကန်ပြောင်ကျေးရွာအုပ်စု,ကမာမတ်ကျေးရွာအုပ်စု,ရွာသစ်ကျေးရွာအုပ်စု,
,,,,,,မြေနီကုန်း (မြောက်) ရပ်ကွက်,ဆေးရိုးတန်းငြိမ်းချမ်းရေးရပ်ကွက်,,,ပုသိမ်ညွန့်ရပ်ကွက်,၁၀/မြောက် ရပ်ကွက်,,တာမွေကြီး (ခ) ရပ်ကွက်,ဇ/မြောက် ရပ်ကွက်,,,ငါးထပ်ကြီး (မြောက်) ရပ်ကွက်,,,,ပုရွက်ဆိတ်ကုန်းရပ်ကွက်,အမှတ် (၄၂) ရပ်ကွက်,အမှတ် (၆၃) ရပ်ကွက်,အမှတ် (၅၂) ရပ်ကွက်,အမှတ် (၈၂) ရပ်ကွက်,ရွာမ (အနောက်) ရပ်ကွက်,,,ပ-စံပြရပ်ကွက်,အမှတ် (၁၇) ရပ်ကွက်,ကလီထော် (အနောက်) ကျေးရွာအုပ်စု,ဖူးကြီးကျေးရွာအုပ်စု,ပက်အင်းကလေးကျေးရွာအုပ်စု,မင်းရဲကျော်စွာရပ်ကွက်,,ဆာပါချောင်/ ကျောင်းစုရပ်ကွက်,ကျုံလတာကျေးရွာအုပ်စု,ခလောက်တရာကျေးရွာအုပ်စု,ရေတွင်းကုန်းကျေးရွာအုပ်စု,အောင်ချမ်းသာရပ်ကွက်,ပီလခက်ကျေးရွာအုပ်စု,မက္ကသန်ကျေးရွာအုပ်စု,သိုက်တူးကန်ကျေးရွာအုပ်စု,
,,,,,,မြေနီကုန်း (တောင်) ရပ်ကွက်,သီတာရပ်ကွက်,,,မလွှကုန်းမီးရထားရပ်ကွက်,စက်မှုလက်မှု ရပ်ကွက်,,မေတ္တာညွန့်ရပ်ကွက်,ဇဝန ရပ်ကွက်,,,ငါးထပ်ကြီး (တောင်) ရပ်ကွက်,,,,ဝေဘာဂီမြို့သစ်ရပ်ကွက်,အမှတ် (၄၃) ရပ်ကွက်,အမှတ် (၆၄) ရပ်ကွက် ,အမှတ် (၁၀၈) ရပ်ကွက်,အမှတ် (၈၃) ရပ်ကွက်,ဖော့ကန်ရပ်ကွက်,,,ဒု-စံပြရပ်ကွက်,အမှတ် (၁၈) ရပ်ကွက်,ကလီထော် (အရှေ့) ကျေးရွာအုပ်စု,လက်ပံတန်းစုကျေးရွာအုပ်စု,ကျားဟုန်းကျေးရွာအုပ်စု,အဖျောက်မြို့,,ကျန်စစ်သားရပ်ကွက်,ပုပ္ပါးကျေးရွာအုပ်စု,ငှက်ကြီးဒေါင်ကျေးရွာအုပ်စု,တူးချောင်းကြီးကျေးရွာအုပ်စု,ကျေးရွာအုပ်စုများ,ကျုံကန်ကျေးရွာအုပ်စု,ကျုံးကျုံးကျကျေးရွာအုပ်စု,ကံမြင့်ကျေးရွာအုပ်စု,
,,,,,,,အေးရွာဘလုတ်ညွန့်စက်ကလေးရပ်ကွက်,,,စက်ဆန်းရပ်ကွက်,ရှုခင်းသာ ရပ်ကွက်,,တာမွေလေးရပ်ကွက်,ကျိုက္ကဆံ/အနောက် ရပ်ကွက်,,,ဗိုလ်ချို အမှတ် (၁) ရပ်ကွက်,,,,ရွှေပေါက္ကံမြို့သစ်ရပ်ကွက်,အမှတ် (၄၄) ရပ်ကွက် ,အမှတ် (၆၅) ရပ်ကွက်,အမှတ် (၁၀၉) ရပ်ကွက်,အမှတ် (၈၄) ရပ်ကွက် ,စဥ့်ငူရပ်ကွက်,,,ရဲစုတောင်ရပ်ကွက်,အမှတ် (၁၉) ရပ်ကွက်,ဟိုင်းကူးကျေးရွာအုပ်စု,ဝါးပတောကျေးရွာအုပ်စု,ချောင်းညီအကိုကျေးရွာအုပ်စု,အမှတ် (၁) ရပ်ကွက်,,တပင်ရွှေထီးရပ်ကွက်,မှော်တောကျေးရွာအုပ်စု,တိုက်ကြီးကျေးရွာအုပ်စု,မဝန်းကျေးရွာအုပ်စု,ဝင်းခနီးကျေးရွာအုပ်စု,ဝဲကြီးကျေးရွာအုပ်စု,အုပ်ဖိုကျေးရွာအုပ်စု,ပျဥ်းမကန်ကျေးရွာအုပ်စု,
,,,,,,,စက်ဆန်းအောက်ရုံအလတ်ချောင်းရပ်ကွက်,,,ကူးတို့ဆိပ်ရပ်ကွက်,,,မာန်အောင်ရပ်ကွက်,ဘဝမြင့် ရပ်ကွက်,,,ဗိုလ်ချို အမှတ် (၂) ရပ်ကွက်,,,,,အမှတ် (၄၅) ရပ်ကွက်,အမှတ် (၆၆) ရပ်ကွက်,အမှတ် (၁၁၀) ရပ်ကွက်,အမှတ် (၈၅) ရပ်ကွက်,အောင်ဆန်းရပ်ကွက်,,,ဘောလုံးကွင်းရပ်ကွက်,အမှတ် (၂၀) ရပ်ကွက်,စခမ်းကြီးကျေးရွာအုပ်စု,ဝါးနက်ချောင်းဘူတာကျေးရွာအုပ်စု,နဲသမိန်ကျေးရွာအုပ်စု,အမှတ် (၂) ရပ်ကွက်,,ဘုရင့်နောင်ရပ်ကွက်,ဝါးသိင်္ခကျေးရွာအုပ်စု,ဆူးကလပ်ကျေးရွာအုပ်စု,ကြည်ဆိပ်ကျေးရွာအုပ်စု,ဖားကူး (အရှေ့) ကျေးရွာအုပ်စု,ရွာသစ်ကြီးကျေးရွာအုပ်စု,မောင်းမကျေးရွာအုပ်စု,ရဲနွဲ့ကျေးရွာအုပ်စု,
,,,,,,,ဆိပ်ကြီးဦးမြငါးစင်ရပ်ကွက်,,,,,,,ငမိုးရိပ် ရပ်ကွက်,,,ဆရာစံရပ်ကွက်,,,,,အမှတ် (၄၆) ရပ်ကွက်,အမှတ် (၇၀) ရပ်ကွက်,အမှတ် (၁၁၁) ရပ်ကွက်,အမှတ် (၈၆) ရပ်ကွက်,တညင်းကုန်းရပ်ကွက်,,,ဧကရာဇ်ရပ်ကွက်,အမှတ် (၂၁) ရပ်ကွက်,အုန်းနှဲကုန်းကျေးရွာအုပ်စု,အောက်ဝါးနက်ချောင်းကျေးရွာအုပ်စု,ဖိုးနတ်ပေးကျေးရွာအုပ်စု,အမှတ် (၃) ရပ်ကွက်,,ဗညားဒလရပ်ကွက်,မဆယ်ဆိပ်ကျေးရွာအုပ်စု,ဆိပ်ကြီးကျေးရွာအုပ်စု,တက်သစ်ကျေးရွာအုပ်စု,ဖားကူး (အနောက်) ကျေးရွာအုပ်စု,ကြံပင်ကျေးရွာအုပ်စု,ကြူတောကျေးရွာအုပ်စု,ကျားဝင်းကျေးရွာအုပ်စု,
,,,,,,,ဝါးရုံဆိပ်/ အေးရွာ (အနောက်) ရပ်ကွက်,,,,,,,စံပြ ရပ်ကွက်,,,ရွှေနံ့သာရပ်ကွက်,,,,,အမှတ် (၄၇) ရပ်ကွက်,အမှတ် (၇၁) ရပ်ကွက်,အမှတ် (၁၁၂) ရပ်ကွက်,အမှတ် (၈၇) ရပ်ကွက်,,,,ပဲခူးလမ်းရပ်ကွက်,အမှတ် (၂၂) ရပ်ကွက် ,ပဲနန်းတုတ်ကျေးရွာအုပ်စု,အင်ကြင်းကုန်းကျေးရွာအုပ်စု,စံကင်းကြီးကျေးရွာအုပ်စု,အမှတ် (၄) ရပ်ကွက် ,,ရာဇသင်္ကြန်ရပ်ကွက်,တလုတ်ထော်ကျေးရွာအုပ်စု,ညောင်ငူကျေးရွာအုပ်စု,သဝန်းတောကျေးရွာအုပ်စု,ဒေးဇတ်ကျေးရွာအုပ်စု,သောင်ကြီးကျေးရွာအုပ်စု,ကမာချိုက်ကျေးရွာအုပ်စု,ဘန့်ဘွေးကျေးရွာအုပ်စု,
,,,,,,,,,,,,,,ကြီးပွားရေး ရပ်ကွက်,,,,,,,,အမှတ် (၄၈) ရပ်ကွက်,အမှတ် (၇၂) ရပ်ကွက်,အမှတ် (၁၁၃) ရပ်ကွက် ,အမှတ် (၈၈) ရပ်ကွက်,,,,တိလောကရုံရပ်ကွက်,အမှတ် (၂၃) ရပ်ကွက်,ဝါးနက်ကုန်းကျေးရွာအုပ်စု,ကုလားကုန်း (ဦးထွန်းလှအစု) ကျေးရွာအုပ်စု,အပြင်ရေကျော်ကျေးရွာအုပ်စု,ကျေးရွာအုပ်စုများ,,ကျန်းမာရေးဝန်ထမ်းအိမ်ရာရပ်ကွက်,ခလောင်ကျေးရွာအုပ်စု,တော်ခရမ်းအရှေ့ကျေးရွာအုပ်စု,တံခွန်တိုင်ကျေးရွာအုပ်စု,ရုံးသပြေကန်ကျေးရွာအုပ်စု,ကရင်ချောင်ကျေးရွာအုပ်စု,အလယ်ရွာကျေးရွာအုပ်စု,မင်းကျေးရွာအုပ်စု,
,,,,,,,,,,,,,,လေးထောင့်ကန် ရပ်ကွက်,,,,,,,,အမှတ် (၄၉) ရပ်ကွက်,အမှတ် (၁၀၄) ရပ်ကွက်,အမှတ် (၁၁၄) ရပ်ကွက်,အမှတ် (၈၉) ရပ်ကွက်,,,,လမ်းဆုံပိုင်းရပ်ကွက်,ကျေးရွာအုပ်စုများ,ရဲမွန်ကျေးရွာအုပ်စု,မြို့ချောင်းကျေးရွာအုပ်စု,အတွင်းရေကျော်ကျေးရွာအုပ်စု,တာဂွကျေးရွာအုပ်စု,,တာကြီးရပ်ကွက်,ကညင်ငူကျေးရွာအုပ်စု,တော်ခရမ်းအနောက်ကျေးရွာအုပ်စု,အဒွန်းကျေးရွာအုပ်စု,မင်္ဂလွန်းကျေးရွာအုပ်စု,ဇွဲကနာကျေးရွာအုပ်စု,အေးရွာကျေးရွာအုပ်စု,အိဿယျကျေးရွာအုပ်စု,
,,,,,,,,,,,,,,ရန်ကုန်သစ် ရပ်ကွက်,,,,,,,,အမှတ် (၅၀) ရပ်ကွက်,အမှတ် (၁၀၅) ရပ်ကွက်,အမှတ် (၁၁၅) ရပ်ကွက်,အမှတ် (၉၀) ရပ်ကွက်,,,,စျေးပိုင်းရပ်ကွက်,အုပ်ဖိုကျေးရွာအုပ်စု,ဇရပ်ကွင်းကျေးရွာအုပ်စု,ကံကလေး​ (အမ်) ကျေးရွာအုပ်စု,လှည်းဆိပ်ကျေးရွာအုပ်စု,လောက်လေးချောင်းကျေးရွာအုပ်စု,,ကျေးရွာအုပ်စုများ,ရှာဘွားကျေးရွာအုပ်စု,တောင်ကုန်းကျေးရွာအုပ်စု,တွံတေးဝကျေးရွာအုပ်စု,ဘောသပြေကန်ကျေးရွာအုပ်စု,အစဲကျေးရွာအုပ်စု,စွယ်ကတော့ကျေးရွာအုပ်စု,သုံးခွ (အနောက်) ကျေးရွာအုပ်စု,
,,,,,,,,,,,,,,သုဝဏ္ဏ (၂၄) ရပ်ကွက်,,,,,,,,အမှတ် (၅၁) ရပ်ကွက်,အမှတ် (၁၀၆) ရပ်ကွက်,အမှတ် (၁၁၆) ရပ်ကွက်,အမှတ် (၉၁) ရပ်ကွက်,,,,ရွာမပိုင်းရပ်ကွက်,ဇီးကုန်းကျေးရွာအုပ်စု,သူငယ့်ချောင်ကျေးရွာအုပ်စု,မြောင်းတကာကျေးရွာအုပ်စု,ဓါတ္တော်ကုန်းကျေးရွာအုပ်စု,သရက်ချောင်းကျေးရွာအုပ်စု,,ရခိုင်ချောင် (တောင်) ကျေးရွာအုပ်စု,တကူပုံကျေးရွာအုပ်စု,တော်ကူးအရှေ့ကျေးရွာအုပ်စု,ပသီကျေးရွာအုပ်စု,ကရင်ဆိပ်ကျေးရွာအုပ်စု,မင်္ဂလွန်းကျေးရွာအုပ်စု,ပိန်းကန်ကျေးရွာအုပ်စု,နံယောကျေးရွာအုပ်စု,
,,,,,,,,,,,,,,သုဝဏ္ဏ (၂၅) ရပ်ကွက်,,,,,,,,အမှတ် (၄၁) တိုးချဲ့ ရပ်ကွက်,အမှတ် (၁၀၇) ရပ်ကွက်,အမှတ် (၁၁၇) ရပ်ကွက်,အမှတ် (၉၂) ရပ်ကွက်,,,,ထောက်ကြံ့တိုးချဲ့ရပ်ကွက်,ကျောင်းကုန်းကျေးရွာအုပ်စု,အင်းတိုင်ကျေးရွာအုပ်စု,ညောင်ကုန်းကျေးရွာအုပ်စု,မဲပလီကျေးရွာအုပ်စု,ကြိုက်စကိုင်းကျေးရွာအုပ်စု,,ရခိုင်ချောင် (မြောက်) ကျေးရွာအုပ်စု,ငှက်အော်စမ်းကျေးရွာအုပ်စု,တော်ကူးအနောက်ကျေးရွာအုပ်စု,ဇီးဖြူကုန်းကျေးရွာအုပ်စု,သပြေကုန်းကျေးရွာအုပ်စု,နရွဲချောင်ကျေးရွာအုပ်စု,လှဘီလူးကျေးရွာအုပ်စု,ပဒတ္တိုင်းကျေးရွာအုပ်စု,
,,,,,,,,,,,,,,သုဝဏ္ဏ (၂၉) ရပ်ကွက်,,,,,,,,,အမှတ် (၁၄၀) ရပ်ကွက်,အမှတ် (၁၁၈) ရပ်ကွက်,အမှတ် (၉၃) ရပ်ကွက်,,,,ကျေးရွာအုပ်စုများ,လှော်ကားကျေးရွာအုပ်စု,အလံဂပိုကျေးရွာအုပ်စု,မြစ်ကျိုးကျေးရွာအုပ်စု,ကြမန်းကျေးရွာအုပ်စု,ဂျိုးဖြူကျေးရွာအုပ်စု,,ဓနုတ်စံပြကျေးရွာအုပ်စု,နတ်ရေတွင်းကျေးရွာအုပ်စု,တောကျောင်းကျေးရွာအုပ်စု,ခလောက်ချိုက်ကျေးရွာအုပ်စု,ပုဂံတောင်ကျေးရွာအုပ်စု,စစ်တပင်ကျေးရွာအုပ်စု,မကျီးကန်ကျေးရွာအုပ်စု,လက်ပန်နန်းခလဲကျေးရွာအုပ်စု,
,,,,,,,,,,,,,,စုပေါင်းအိမ်ရာ ရပ်ကွက်,,,,,,,,,အမှတ် (၁၄၁) ရပ်ကွက်,အမှတ် (၁၁၉) ရပ်ကွက်,အမှတ် (၉၄) ရပ်ကွက် ,,,,နွယ်ခွေကျေးရွာအုပ်စု,,စိုင်ဒီကုန်းကျေးရွာအုပ်စု,ရွှေမြယာကုန်းကျေးရွာအုပ်စု,ဘောလည်ကျေးရွာအုပ်စု,ယင်းတိုက်ကွင်းကျေးရွာအုပ်စု,,ညောင်ချောင်းကျေးရွာအုပ်စု,ဇရပ်ကုန်းကျေးရွာအုပ်စု,တော်ပြာကျေးရွာအုပ်စု,ခရမ်းဝကျေးရွာအုပ်စု,အလွန်းဆုတ်ကျေးရွာအုပ်စု,မြကိုင်းကျေးရွာအုပ်စု,ရိုးကြီးကျေးရွာအုပ်စု,စပါယ်ချောင်ကျေးရွာအုပ်စု,
,,,,,,,,,,,,,,အောင်ဆုပန် ရပ်ကွက်,,,,,,,,,အမှတ် (၁၄၂) ရပ်ကွက်,အမှတ် (၁၂၀) ရပ်ကွက်,အမှတ် (၉၈) ရပ်ကွက်,,,,ကုန်းတလဘောင်ကျေးရွာအုပ်စု,,ကျီးကန်းသိုက်ကျေးရွာအုပ်စု,ပေါက်ကုန်းကျေးရွာအုပ်စု,တလိုင်မှီကျေးရွာအုပ်စု,ဥတိုကျေးရွာအုပ်စု,,တုံးတင်ဂံ (တောင်) ကျေးရွာအုပ်စု,ရွာတန်းရှည်ကျေးရွာအုပ်စု,တော်လန်းကျေးရွာအုပ်စု,ခရမ်းကြီးကျေးရွာအုပ်စု,ကျောင်းကုန်းဆိပ်ကြီး (ခ) ဂျမားကျေးရွာအုပ်စု,ဘိုးဘကျေးရွာအုပ်စု,ကျုံတူးကျေးရွာအုပ်စု,ကြုံကြိတ်ကျေးရွာအုပ်စု,
,,,,,,,,,,,,,,မိကျောင်းကန် အမှတ် (၁) ရပ်ကွက်,,,,,,,,,အမှတ် (၁၄၃) ရပ်ကွက် ,အမှတ် (၁၂၁) ရပ်ကွက်,အမှတ် (၁၄၈) ရပ်ကွက်,,,,ရွှေနံ့သာကျေးရွာအုပ်စု,,စာဘူးတောင်းကျေးရွာအုပ်စု,သန္ဒေပင်ကျေးရွာအုပ်စု,ကမြိုင်ကျေးရွာအုပ်စု,သနတ်ချောင်းဘူတာကျေးရွာအုပ်စု,,တုံးတင်ဂံ (မြောက်) ကျေးရွာအုပ်စု,ပိန္နဲကုန်းကျေးရွာအုပ်စု,တော်ခလူးကျေးရွာအုပ်စု,ခရမ်းဖျားကျေးရွာအုပ်စု,လက်ယက်စမ်းကျေးရွာအုပ်စု,သနပ္ပင်ချင်းကျေးရွာအုပ်စု,တမံကြီးကျေးရွာအုပ်စု,ကဒပ်ပနကျေးရွာအုပ်စု,
,,,,,,,,,,,,,,မိကျောင်းကန် အမှတ် (၂) ရပ်ကွက်,,,,,,,,,အမှတ် (၁၄၄) ရပ်ကွက်,အမှတ် (၁၂၂) ရပ်ကွက် ,အမှတ် (၁၄၉) ရပ်ကွက်,,,,ပျဥ်းမပင်ကျေးရွာအုပ်စု,,နန္တိကျေးရွာအုပ်စု,ဘွက်ကြီးကျေးရွာအုပ်စု,ရွှေကြာဗျိုက်ကျေးရွာအုပ်စု,အုပ်ပုံကျေးရွာအုပ်စု,,ဘိုးဖြူချောင်းကျေးရွာအုပ်စု,အဖျောက်ကျေးရွာအုပ်စု,တော်ခရမ်းလေးကျေးရွာအုပ်စု,ကလီထော်ကျေးရွာအုပ်စု,သူဌေးကွင်းကျေးရွာအုပ်စု,ဘော်ဂလွတ်ကျေးရွာအုပ်စု,ကမာကလုတ်ကျေးရွာအုပ်စု,ဆယ်ကျေးရွာအုပ်စု,
,,,,,,,,,,,,,,မိကျောင်းကန် အမှတ် (၃) ရပ်ကွက်,,,,,,,,,အမှတ် (၁၄၅) ရပ်ကွက်,အမှတ် (၁၂၃) ရပ်ကွက်,အမှတ် (၁၅၀) ရပ်ကွက်,,,,သင်္ဃန်းကျွန်းကြီးကျေးရွာအုပ်စု,,ဒါးပိန် (တောင်) ကျေးရွာအုပ်စု,ဘိုးဒေါနကုန်းကျေးရွာအုပ်စု,ညွန့်ပေါင်းကျေးရွာအုပ်စု,ဖလုံကန်ကုန်းကျေးရွာအုပ်စု,,ခနောင် (ရွာမ) ကျေးရွာအုပ်စု,ရေဖြူတွင်းကျေးရွာအုပ်စု,ထီဖာကျေးရွာအုပ်စု,ကြည်တန်းကျေးရွာအုပ်စု,စစ်ပင်ကွင်းကျေးရွာအုပ်စု,ချောင်းဝကျေးရွာအုပ်စု,ကရင်ကန်ကျေးရွာအုပ်စု,သရောတောကျေးရွာအုပ်စု,
,,,,,,,,,,,,,,အမှတ် (၁၆/၁) ရပ်ကွက်,,,,,,,,,အမှတ် (၁၄၆) ရပ်ကွက်,အမှတ် (၁၂၄) ရပ်ကွက်,အမှတ် (၁၅၁) ရပ်ကွက်,,,,,,ညောင်တခြမ်းကျေးရွာအုပ်စု,ညောင်နှစ်ပင်ကျေးရွာအုပ်စု,ကုန်းလှည်းဆိပ်ကျေးရွာအုပ်စု,ကြာအင်းကျေးရွာအုပ်စု,,ခနောင် (အထက်) ကျေးရွာအုပ်စု,နတ်စင်ကုန်းကျေးရွာအုပ်စု,ဒေးဒနောကျေးရွာအုပ်စု,တကလှဲ့ကျေးရွာအုပ်စု,ဘယက်ကျေးရွာအုပ်စု,ကွနှီးကျေးရွာအုပ်စု,ကန်ညီနောင်ကျေးရွာအုပ်စု,အဖောင်ကျေးရွာအုပ်စု,
,,,,,,,,,,,,,,အမှတ် (၁၆/၂) ရပ်ကွက်,,,,,,,,,အမှတ် (၁၄၇) ရပ်ကွက်,အမှတ် (၁၂၅) ရပ်ကွက်,အမှတ် (၁၆၈) ရပ်ကွက်,,,,,,တံခွန်တိုင် (လှည်းကူး) ကျေးရွာအုပ်စု,ရိုးကြီးကျေးရွာအုပ်စု,တက်သစ်ကျေးရွာအုပ်စု,ဆင်စခန်းကျေးရွာအုပ်စု,,ခနောင် (ရှမ်းစု) ကျေးရွာအုပ်စု,မကျီးကန်ကျေးရွာအုပ်စု,ဒရယ်လူးကျေးရွာအုပ်စု,ရေကျော်ကျေးရွာအုပ်စု,ငါးဗြေမကျေးရွာအုပ်စု,ဇွဲဘာကုန်းတန်းကျေးရွာအုပ်စု,ကျွဲတလင်းကျေးရွာအုပ်စု,သဲကုန်းကျေးရွာအုပ်စု,
,,,,,,,,,,,,,,အမှတ် (၁၆/၃) ရပ်ကွက်,,,,,,,,,အမှတ် (၁၅၂) ရပ်ကွက်,အမှတ် (၁၂၆) ရပ်ကွက် ,ကျေးရွာအုပ်စုများ,,,,,,ကျွန်းကုန်းကျေးရွာအုပ်စု,မိုးကြိုးပစ်ကျေးရွာအုပ်စု,ငှက်သိုက်ကျေးရွာအုပ်စု,ချင်းကုန်းကျေးရွာအုပ်စု,,တံတားချောင်းကျေးရွာအုပ်စု,မြောက်ချောင်ကျေးရွာအုပ်စု,ပီလခတ်ကျေးရွာအုပ်စု,တမာတေကာကျေးရွာအုပ်စု,င/ပ ကျေးရွာအုပ်စု,ညောင်ဝိုင်းကျေးရွာအုပ်စု,သက္ကယ်ကုန်းကျေးရွာအုပ်စု,ကျားဘိုကျေးရွာအုပ်စု,
,,,,,,,,,,,,,,အမှတ် (၁၆/၄) ရပ်ကွက်,,,,,,,,,အမှတ် (၁၅၃) ရပ်ကွက် ,အမှတ် (၁၂၇) ရပ်ကွက်,ကျီစု (အရှေ့) ကျေးရွာအုပ်စု,,,,,,ဆားတလင်းကျေးရွာအုပ်စု,ရေပေါ်သဲ့ကျေးရွာအုပ်စု,စန္ဒယော်ကျေးရွာအုပ်စု,လိမ္မော်ခြံကျေးရွာအုပ်စု,,ရဲချောင်းကျေးရွာအုပ်စု,စမ်းကောက်ကျေးရွာအုပ်စု,ပကောက်ကျေးရွာအုပ်စု,တမံကြီးကျေးရွာအုပ်စု,သနပ်ပင်ကျေးရွာအုပ်စု,ရေကျော်ကျေးရွာအုပ်စု,ခမတ်ကျေးရွာအုပ်စု,အဇတ်ဝကျေးရွာအုပ်စု,
,,,,,,,,,,,,,,ဆယ်သိန်း ရပ်ကွက်,,,,,,,,,အမှတ် (၁၅၄) ရပ်ကွက်,အမှတ် (၁၂၈) ရပ်ကွက် ,သရက်ပင်ချောင်ကျေးရွာအုပ်စု,,,,,,သနပ်ပြင်ကျေးရွာအုပ်စု,ယင်းတိုက်ပင်ကျေးရွာအုပ်စု,ထိန်ကုန်းကျေးရွာအုပ်စု,ပုတ္တကျေးရွာအုပ်စု,,သပြေကုန်းကျေးရွာအုပ်စု,တောင်ချောင်ကျေးရွာအုပ်စု,ပေကုန်းကျေးရွာအုပ်စု,ကန်ကျေးရွာအုပ်စု,ဗိုလ်ချုပ်ကျေးရွာအုပ်စု,ကြာကန်ကျေးရွာအုပ်စု,ကံဘဲ့ကျေးရွာအုပ်စု,ဘုရားကြီးကျေးရွာအုပ်စု,
,,,,,,,,,,,,,,,,,,,,,,,ကျီစုအနောက်ရပ်ကွက်,အမှတ် (၁၂၉) ရပ်ကွက်,ညောင်ပင်ကျေးရွာအုပ်စု,,,,,,ရှမ်းတဲကြီး (အထက်) ကျေးရွာအုပ်စု,သာယာကုန်းကျေးရွာအုပ်စု,ဝါးတရာ (အနောက်) ကျေးရွာအုပ်စု,ဖလုံဘူတာကျေးရွာအုပ်စု,,ညောင်ငုတ်တိုကျေးရွာအုပ်စု,လာဝတီကျေးရွာအုပ်စု,မှော်ဘီကျေးရွာအုပ်စု,ကုလားတန်းကျေးရွာအုပ်စု,ညောင်သုံးပင်ကျေးရွာအုပ်စု,ပါဒကြီးကျေးရွာအုပ်စု,ညောင်ပင်ကွင်းကျေးရွာအုပ်စု,တမံကြီးကျေးရွာအုပ်စု,
,,,,,,,,,,,,,,,,,,,,,,,ရွာသာကြီး (တောင်ပိုင်း) ရပ်ကွက်,စစ်ပင်တောင်ရပ်ကွက်,ဒလဘမ်းကျေးရွာအုပ်စု,,,,,,ဝါးရုံစွန်းကျေးရွာအုပ်စု,သဲကုန်းကျေးရွာအုပ်စု,ရခိုင်ရိုးကြီးကျေးရွာအုပ်စု,စပါးကိုင်းကျေးရွာအုပ်စု,,ထော် (အောက်) ကျေးရွာအုပ်စု,ဆပုဂံကျေးရွာအုပ်စု,မယ်ရကုန်းကျေးရွာအုပ်စု,မငေး (အလယ်) ကျေးရွာအုပ်စု,ဘုရားကုန်းကျေးရွာအုပ်စု,ဥယျာဥ်ကျေးရွာအုပ်စု,ပုဂံတောင်ကျေးရွာအုပ်စု,အဇန်းတောစွန်းကျေးရွာအုပ်စု,
,,,,,,,,,,,,,,,,,,,,,,,သုံးခွ (တောင်ပိုင်း) ရပ်ကွက်,တောင်တလုပ်ရပ်ကွက်,,,,,,,စွယ်လပ်ကျေးရွာအုပ်စု,လိပ်ပုတ်တောရွာကြီးကျေးရွာအုပ်စု,ဒိတ်ကုန်းကျေးရွာအုပ်စု,တောင်ရပ်ဇီးကုန်းကျေးရွာအုပ်စု,,ရဲချောင်းဝကျေးရွာအုပ်စု,လက်ခိုက်ကျေးရွာအုပ်စု,မန်းကလိပ်ကျေးရွာအုပ်စု,ဗျောက်ရိုးကျေးရွာအုပ်စု,လဟာယက်ကျေးရွာအုပ်စု,ရွှေပျောက်ကျေးရွာအုပ်စု,ပန်းတောချောင်ကျေးရွာအုပ်စု,ဖရုံကန်ကျေးရွာအုပ်စု,
,,,,,,,,,,,,,,,,,,,,,,,လေးထောင့်ကန် (တောင်ပိုင်း) ရပ်ကွက်,ရွာသာကြီး (အရှေ့ပိုင်း) ရပ်ကွက်,,,,,,,ဖဲခမဲကျေးရွာအုပ်စု,အထယုကျေးရွာအုပ်စု,ပရွတ်ကျေးရွာအုပ်စု,ဂေါ့ကျေးရွာအုပ်စု,,ပျော်ဘွယ်ကြီးကျေးရွာအုပ်စု,ကြာကန်ကျေးရွာအုပ်စု,မရမ်းကျေးရွာအုပ်စု,လက်ပံဂွကျေးရွာအုပ်စု,ကဒက်ဖျာကျေးရွာအုပ်စု,ပန်းတောကျေးရွာအုပ်စု,ဒေးပေါက်ကျေးရွာအုပ်စု,မိချောင်းကန်ကျေးရွာအုပ်စု,
,,,,,,,,,,,,,,,,,,,,,,,စိုက်ပျိုးမွေးမြူရေး အမှတ် (၁) ရပ်ကွက်,သုံးခွ (အရှေ့ပိုင်း) ရပ်ကွက်,,,,,,,ဒါးပိန် (မြောက်) ကျေးရွာအုပ်စု,အင်လျက်ကျေးရွာအုပ်စု,ကျွဲခြံရိုး (ကြိမ်ပိုက်ကြီး) ကျေးရွာအုပ်စု,ဥက္ကံရေသိုးကျေးရွာအုပ်စု,,ရွှေလှေချောင်ကျေးရွာအုပ်စု,ကိုးတောင်ကျေးရွာအုပ်စု,ရေတိမ်ကျေးရွာအုပ်စု,ကျွန်းကလေးကျေးရွာအုပ်စု,ညောင်လေးပင်ကျေးရွာအုပ်စု,ရွာသစ်ကလေးကျေးရွာအုပ်စု,ကရင်စုကျေးရွာအုပ်စု,တကောကျေးရွာအုပ်စု,
,,,,,,,,,,,,,,,,,,,,,,,ရှမ်းတဲကြီး (တောင်ပိုင်း) ရပ်ကွက်,အမှတ် (၁၃၀) ရပ်ကွက်,,,,,,,သခွတ်ပြင်ကျေးရွာအုပ်စု,ဆတ်သွားတောကျေးရွာအုပ်စု,ရေစိုကျေးရွာအုပ်စု,ကျွဲဘုတ်ကျေးရွာအုပ်စု,,ညောင်ပင်ကျေးရွာအုပ်စု,မျက်ဆံနီကျေးရွာအုပ်စု,လက်ခုပ်ကုန်းကျေးရွာအုပ်စု,အလပ်ချောင်းကျေးရွာအုပ်စု,ကုလားဝဲကျေးရွာအုပ်စု,မီးပြကျေးရွာအုပ်စု,ဘုရားပျိုကျေးရွာအုပ်စု,လက်ပန်ကျိုးကျေးရွာအုပ်စု,
,,,,,,,,,,,,,,,,,,,,,,,,အမှတ် (၁၃၁) ရပ်ကွက်,,,,,,,မအူကျေးရွာအုပ်စု,,မြဂဲကျေးရွာအုပ်စု,ဒိုက်အင်းကျေးရွာအုပ်စု,,ကျွဲလူးအိုင်ကျေးရွာအုပ်စု,ဖရုံချောင်ကျေးရွာအုပ်စု,ဝက်ကိုက်ကျေးရွာအုပ်စု,ဂျောင်ဝိုင်းကျေးရွာအုပ်စု,ဆေးလုံးကြီးကျေးရွာအုပ်စု,ကမာကလုပ်ကျေးရွာအုပ်စု,ကွင်းလျားရှည်ကျေးရွာအုပ်စု,ရေပေါ်ကန်ကျေးရွာအုပ်စု,
,,,,,,,,,,,,,,,,,,,,,,,,အမှတ် (၁၃၂) ရပ်ကွက်,,,,,,,တံခွန်တိုင် (အင်းစိန်) ကျေးရွာအုပ်စု,,ပန်းတိုင် (လက်ကြပ်) ကျေးရွာအုပ်စု,ပနီပင်ကျေးရွာအုပ်စု,,သမ္ဘာန်ချောင်းကျေးရွာအုပ်စု,ကန်သုံးကန်ကျေးရွာအုပ်စု,ဝါးကောက်တောကျေးရွာအုပ်စု,ပျော်ဘွယ်လေးကျေးရွာအုပ်စု,ချောင်းစောက်ကျေးရွာအုပ်စု,ခနောင်ကျေးရွာအုပ်စု,ထရန်ကန်ကျေးရွာအုပ်စု,သခွတ်ကုန်းကျေးရွာအုပ်စု,
,,,,,,,,,,,,,,,,,,,,,,,,အမှတ် (၁၃၃) ရပ်ကွက် ,,,,,,,ဘားလားတံတားကြီးကျေးရွာအုပ်စု,,ကတွယ်ကျေးရွာအုပ်စု,ရေတွင်းကုန်းကျေးရွာအုပ်စု,,ထူးကြီးကျေးရွာအုပ်စု,ထမ္မနိုင်ကျေးရွာအုပ်စု,သုံးခွကျေးရွာအုပ်စု,ပိတ်စွယ်ကျေးရွာအုပ်စု,,စင်မကော်ကျေးရွာအုပ်စု,သပြုကန်ကျေးရွာအုပ်စု,ရှမ်းစုကျေးရွာအုပ်စု,
,,,,,,,,,,,,,,,,,,,,,,,,အမှတ် (၁၃၄) ရပ်ကွက်,,,,,,,ဆင်ဖုံကျေးရွာအုပ်စု,,ကျွဲကူးကျေးရွာအုပ်စု,ဖလုံရွာမကျေးရွာအုပ်စု,,သရောတန်းကျေးရွာအုပ်စု,ညောင်ပင်သာကျေးရွာအုပ်စု,သပြုစမ်းကျေးရွာအုပ်စု,ရန်ကုန်ပေါက်ကျေးရွာအုပ်စု,,ပန်းချောင်းကျေးရွာအုပ်စု,ပလူကန်ကျေးရွာအုပ်စု,ကွန်ကလကျေးရွာအုပ်စု,
,,,,,,,,,,,,,,,,,,,,,,,,အမှတ် (၁၃၅) ရပ်ကွက်,,,,,,,စစ်ပင် (မြောက်) ကျေးရွာအုပ်စု,,ဘူးသနွတ်ကျေးရွာအုပ်စု,ကွမ်းခြံကုန်းကျေးရွာအုပ်စု,,,ဘို့ဒင်ကျေးရွာအုပ်စု,သဲကုန်းတန်းကျေးရွာအုပ်စု,ကြိုက်သလဲကျေးရွာအုပ်စု,,တာပတ်ကျေးရွာအုပ်စု,တကောကန်ကျေးရွာအုပ်စု,ပုဂံတောင်စုကျေးရွာအုပ်စု,
,,,,,,,,,,,,,,,,,,,,,,,,အမှတ် (၁၃၆) ရပ်ကွက်,,,,,,,မလစ် (အနောက်) ကျေးရွာအုပ်စု,,မရွှေဥကျေးရွာအုပ်စု,ကြီးပင်လဟာကျေးရွာအုပ်စု,,,ပျားမွှတ်ကျေးရွာအုပ်စု,သောင်ခုန်ကျေးရွာအုပ်စု,ဘုရားကြီးကျေးရွာအုပ်စု,,ကဒပ်ပနကျေးရွာအုပ်စု,ကျီနီချောင်ကျေးရွာအုပ်စု,ပတုပ်ကျေးရွာအုပ်စု,
,,,,,,,,,,,,,,,,,,,,,,,,အမှတ် (၁၃၇) ရပ်ကွက်,,,,,,,ဇီးပင်ဝဲကျေးရွာအုပ်စု,,အစုကြီးကျေးရွာအုပ်စု,ဥက္ကံကံကုန်းကျေးရွာအုပ်စု,,,ဝါးဘလောက်သောက်ကျေးရွာအုပ်စု,အင်္ဂလုံးကျေးရွာအုပ်စု,ပေါက်တောကျေးရွာအုပ်စု,,ဝင်းကြီးကျေးရွာအုပ်စု,ပျဥ်းမကုန်းကျေးရွာအုပ်စု,ဇွဲထော်ကျေးရွာအုပ်စု,
,,,,,,,,,,,,,,,,,,,,,,,,အမှတ် (၁၃၈) ရပ်ကွက်,,,,,,,မုဆိုးညောင်ပင်ကျေးရွာအုပ်စု,,တူးချောင်းကျေးရွာအုပ်စု,ဥက္ကံရွာမကျေးရွာအုပ်စု,,,မဝန်းကျေးရွာအုပ်စု,,ဘုရားငုတ်တို (တောင်) ကျေးရွာအုပ်စု,,စစ်တန်းကျေးရွာအုပ်စု,ကြာကန်ကျေးရွာအုပ်စု,ထုံးကြီးကျေးရွာအုပ်စု,
,,,,,,,,,,,,,,,,,,,,,,,,အမှတ် (၁၃၉) ရပ်ကွက်,,,,,,,လက်ပန်ကျေးရွာအုပ်စု,,တော်လတဲ့ကျေးရွာအုပ်စု,မီးနင်းကံကုန်းကျေးရွာအုပ်စု,,,ကျွဲလူးအိုင်ကျေးရွာအုပ်စု,,ဘုရားငုတ်တို (မြောက်) ကျေးရွာအုပ်စု,,ပုတ္တလုပ်ကျေးရွာအုပ်စု,ပလူကျေးရွာအုပ်စု,ကုန်းခလာကျေးရွာအုပ်စု,
,,,,,,,,,,,,,,,,,,,,,,,,အမှတ် (၁၅၅) ရပ်ကွက်,,,,,,,ပိုက်ကြီးဝဲကျေးရွာအုပ်စု,,အလိန်လည်ကျေးရွာအုပ်စု,ကင်းပတီးကျေးရွာအုပ်စု,,,ကမာကနီးကျေးရွာအုပ်စု,,ကန်ဘဲ့ကျေးရွာအုပ်စု,,မရမ်းဘေးကျေးရွာအုပ်စု,အောင်ချမ်းသာကျေးရွာအုပ်စု,ကတုံးပေါ် (အထက်) ကျေးရွာအုပ်စု,
,,,,,,,,,,,,,,,,,,,,,,,,အမှတ် (၁၅၆) ရပ်ကွက်,,,,,,,ဘိုးရင်ကလေးကျေးရွာအုပ်စု,,ကျူတောကျေးရွာအုပ်စု,အိုင်ကြီးကျေးရွာအုပ်စု,,,သခွတ်ပင်ကျေးရွာအုပ်စု,,စမ်းကျေးရွာအုပ်စု,,ရှမ်းချောင်းကျေးရွာအုပ်စု,ဘိုကလေးကျေးရွာအုပ်စု,ကတုံးပေါ် (အလယ်) ကျေးရွာအုပ်စု,
,,,,,,,,,,,,,,,,,,,,,,,,အမှတ် (၁၅၇) ရပ်ကွက်,,,,,,,အဝိုင်း (အနောက်) ကျေးရွာအုပ်စု,,ကြာအင်းကျေးရွာအုပ်စု,ယင်းတိုက်လေးပင်ကျေးရွာအုပ်စု,,,ကျုံဒရယ်ကျေးရွာအုပ်စု,,အရိုးတောင်ကျေးရွာအုပ်စု,,တူးမြောင်းကျေးရွာအုပ်စု,ဆင်ကျွန်းကျေးရွာအုပ်စု,လက်ပံချောင်ကျေးရွာအုပ်စု,
,,,,,,,,,,,,,,,,,,,,,,,,အမှတ် (၁၅၈) ရပ်ကွက်,,,,,,,မင်းကုန်းကျေးရွာအုပ်စု,,ဓနဲရိကျေးရွာအုပ်စု,ဘွက်ကုန်းကျေးရွာအုပ်စု,,,ကျူတောချောင်ကျေးရွာအုပ်စု,,ကျွန်းဘက်ကျေးရွာအုပ်စု,,တမံကြီးကုန်းကျေးရွာအုပ်စု,ကံကောင်းကျေးရွာအုပ်စု,မကျီးပင်ချောင်ကျေးရွာအုပ်စု,
,,,,,,,,,,,,,,,,,,,,,,,,အမှတ် (၁၅၉) ရပ်ကွက်,,,,,,,ငါးဆူတောင်ကျေးရွာအုပ်စု,,ဆတ်ကလေးကျေးရွာအုပ်စု,တောင်ဘို့လှကျေးရွာအုပ်စု,,,ခရိုက်ခနိကျေးရွာအုပ်စု,,ကပင်ကြီးကျေးရွာအုပ်စု,,အောင်ချမ်းသာကျေးရွာအုပ်စု,ရေကျော်ကျေးရွာအုပ်စု,ကိုင်းကုန်းကျေးရွာအုပ်စု,
,,,,,,,,,,,,,,,,,,,,,,,,အမှတ် (၁၆၀) ရပ်ကွက်,,,,,,,မရမ်းချောင်ကျေးရွာအုပ်စု,,ရေဖြူကျေးရွာအုပ်စု,ဥက္ကံရှမ်းစုကျေးရွာအုပ်စု,,,ထန်းတပင်ကျေးရွာအုပ်စု,,ကျောင်းစုကျေးရွာအုပ်စု,,ကုလားတန်းကျေးရွာအုပ်စု,အုန်းပင်ကျေးရွာအုပ်စု,ကျွဲတဲကုန်းကျေးရွာအုပ်စု,
,,,,,,,,,,,,,,,,,,,,,,,,အမှတ် (၁၆၁) ရပ်ကွက်,,,,,,,ငွေနံ့သာကျေးရွာအုပ်စု,,တံတားဦးကျေးရွာအုပ်စု,ပျဥ်းမကုန်းကျေးရွာအုပ်စု,,,သမင်ခြံကျေးရွာအုပ်စု,,အလယ်ချောင်းကျေးရွာအုပ်စု,,ဘိုကုန်းကျေးရွာအုပ်စု,ညောင်လန်းကျေးရွာအုပ်စု,ညောင်ပင်ခင်တန်းကျေးရွာအုပ်စု,
,,,,,,,,,,,,,,,,,,,,,,,,အမှတ် (၁၆၂) ရပ်ကွက်,,,,,,,,,,ရေတာလေးကျေးရွာအုပ်စု,,,တာတိုက်ကျေးရွာအုပ်စု,,ဂယက်လမီးကျေးရွာအုပ်စု,,ဇီးဖြူပင်ကျေးရွာအုပ်စု,ဆင်မင်းအိုင်ကျေးရွာအုပ်စု,အလန်းကုန်းကျေးရွာအုပ်စု,
,,,,,,,,,,,,,,,,,,,,,,,,အမှတ် (၁၆၃) ရပ်ကွက် ,,,,,,,,,,သပြေကုန်းကျေးရွာအုပ်စု,,,ဆားတိုင်မွှတ်ကျေးရွာအုပ်စု,,ရွှေလှေချောင် (တွံ) ကျေးရွာအုပ်စု,,,ကင်းမွန်းခြုံကျေးရွာအုပ်စု,စစ်ကုန်းတောစွန်းကျေးရွာအုပ်စု,
,,,,,,,,,,,,,,,,,,,,,,,,အမှတ် (၁၆၄) ရပ်ကွက်,,,,,,,,,,သာယာကုန်းကျေးရွာအုပ်စု,,,သရက်တောကျေးရွာအုပ်စု,,ပြဿတိုက်ကျေးရွာအုပ်စု,,,ဇီးဖြူပင်ကျေးရွာအုပ်စု,တင်းတောင်းချောင်ကျေးရွာအုပ်စု,
,,,,,,,,,,,,,,,,,,,,,,,,ကျေးရွာအုပ်စုများ,,,,,,,,,,ကမ်းမြောင်ကျေးရွာအုပ်စု,,,,,အတွင်းရေကျော်ကျေးရွာအုပ်စု,,,ကျုံကန်ကျေးရွာအုပ်စု,မှိုကုန်းသာကျေးရွာအုပ်စု,
,,,,,,,,,,,,,,,,,,,,,,,,ရှမ်းတဲကြီးကျေးရွာအုပ်စု,,,,,,,,,,တဘူးရေသိုးကျေးရွာအုပ်စု,,,,,ကဒုံကျေးရွာအုပ်စု,,,ညောင်ပင်သာကျေးရွာအုပ်စု,အောင်ပန်းစိန်ကျေးရွာအုပ်စု,
,,,,,,,,,,,,,,,,,,,,,,,,မလစ်ကျေးရွာအုပ်စု,,,,,,,,,,ဂုံညင်းတန်းကျေးရွာအုပ်စု,,,,,ငှက်ပျောစမ်းကျေးရွာအုပ်စု,,,စခန်းကြီးကျေးရွာအုပ်စု,အောင်သာဒန်းကျေးရွာအုပ်စု,
,,,,,,,,,,,,,,,,,,,,,,,,လေးထောင့်ကန်ကျေးရွာအုပ်စု,,,,,,,,,,စမ်းကျေးရွာအုပ်စု,,,,,ခလုပ်ကျေးရွာအုပ်စု,,,ကံသာကျေးရွာအုပ်စု,သြဘာညွန့်ကျေးရွာအုပ်စု,
,,,,,,,,,,,,,,,,,,,,,,,,,,,,,,,,,,ချောင်းစောက်ကျေးရွာအုပ်စု,,,,,ဝက်ချောင်းကျေးရွာအုပ်စု,,,,ဘိတ်သိတ်ကျေးရွာအုပ်စု,
,,,,,,,,,,,,,,,,,,,,,,,,,,,,,,,,,,ကြိုချောင်းကျေးရွာအုပ်စု,,,,,ရှမ်းစုကျေးရွာအုပ်စု,,,,မဟာမိတ်ကျေးရွာအုပ်စု,
,,,,,,,,,,,,,,,,,,,,,,,,,,,,,,,,,,ပန်းပင်တန်းကျေးရွာအုပ်စု,,,,,ထော်သိုကျေးရွာအုပ်စု,,,,ဟေမဇလာကျေးရွာအုပ်စု,
,,,,,,,,,,,,,,,,,,,,,,,,,,,,,,,,,,တော်လတီကျေးရွာအုပ်စု,,,,,မရမ်းတပင်ကျေးရွာအုပ်စု,,,,မင်းရွာအသင်းကျေးရွာအုပ်စု,
,,,,,,,,,,,,,,,,,,,,,,,,,,,,,,,,,,ဖက်ဝန်းကုန်းကျေးရွာအုပ်စု,,,,,မာလကာရာဘာခွံကျေးရွာအုပ်စု,,,,သမ္မစိတ္တကျေးရွာအုပ်စု,
,,,,,,,,,,,,,,,,,,,,,,,,,,,,,,,,,,အလဘုတ်ကျေးရွာအုပ်စု,,,,,တလုတ္ထော်ကျေးရွာအုပ်စု,,,,သာသာမြိုင်ကျေးရွာအုပ်စု,
,,,,,,,,,,,,,,,,,,,,,,,,,,,,,,,,,,မင်းလှဝကျေးရွာအုပ်စု,,,,,ရန်ကုန်ရာဘာခြံကျေးရွာအုပ်စု,,,,သာဂရကျေးရွာအုပ်စု,
,,,,,,,,,,,,,,,,,,,,,,,,,,,,,,,,,,ဆင်ခြံကျေးရွာအုပ်စု,,,,,,,,,ထွန်းစိန်အသင်းကျေးရွာအုပ်စု,
,,,,,,,,,,,,,,,,,,,,,,,,,,,,,,,,,,တော်ခရမ်းကျေးရွာအုပ်စု,,,,,,,,,ဇောတိကကျေးရွာအုပ်စု,
,,,,,,,,,,,,,,,,,,,,,,,,,,,,,,,,,,ခွန်နှစ်ကြိုက် (အရှေ့) ကျေးရွာအုပ်စု,,,,,,,,,ရန်ကြီးအောင်ကျေးရွာအုပ်စု,
,,,,,,,,,,,,,,,,,,,,,,,,,,,,,,,,,,ခွန်နှစ်ကြိုက် (အနောက်) ကျေးရွာအုပ်စု,,,,,,,,,,
,,,,,,,,,,,,,,,,,,,,,,,,,,,,,,,,,,လှိုင်ကျေးရွာအုပ်စု,,,,,,,,,,
,,,,,,,,,,,,,,,,,,,,,,,,,,,,,,,,,,ဘိန္ဒောကျေးရွာအုပ်စု,,,,,,,,,,
,,,,,,,,,,,,,,,,,,,,,,,,,,,,,,,,,,ကန်ကလေး (အေ) ကျေးရွာအုပ်စု,,,,,,,,,,
,,,,,,,,,,,,,,,,,,,,,,,,,,,,,,,,,,ဘောလကွတ်ကျေးရွာအုပ်စု,,,,,,,,,,
,,,,,,,,,,,,,,,,,,,,,,,,,,,,,,,,,,ချောင်းသုံးခွကျေးရွာအုပ်စု,,,,,,,,,,
,,,,,,,,,,,,,,,,,,,,,,,,,,,,,,,,,,ကလော့သော့ကျေးရွာအုပ်စု,,,,,,,,,,
,,,,,,,,,,,,,,,,,,,,,,,,,,,,,,,,,,ကြုံတကင်းကျေးရွာအုပ်စု,,,,,,,,,,
,,,,,,,,,,,,,,,,,,,,,,,,,,,,,,,,,,အင်းတရာကျေးရွာအုပ်စု,,,,,,,,,,
,,,,,,,,,,,,,,,,,,,,,,,,,,,,,,,,,,အောက်ရေကန်ကုန်းကျေးရွာအုပ်စု,,,,,,,,,,
,,,,,,,,,,,,,,,,,,,,,,,,,,,,,,,,,,ကတိုင်စိန်ကျေးရွာအုပ်စု,,,,,,,,,,
,,,,,,,,,,,,,,,,,,,,,,,,,,,,,,,,,,ဖိုးခေါင်ကျေးရွာအုပ်စု,,,,,,,,,,
,,,,,,,,,,,,,,,,,,,,,,,,,,,,,,,,,,အထရောင်ကျေးရွာအုပ်စု,,,,,,,,,,
,,,,,,,,,,,,,,,,,,,,,,,,,,,,,,,,,,ရေတွင်းဖြူကျေးရွာအုပ်စု,,,,,,,,,,
,,,,,,,,,,,,,,,,,,,,,,,,,,,,,,,,,,ရေပေါ်သောင်ကျေးရွာအုပ်စု,,,,,,,,,,
,,,,,,,,,,,,,,,,,,,,,,,,,,,,,,,,,,ကြွေပန်းကန်ချောင်းကျေးရွာအုပ်စု,,,,,,,,,,
,,,,,,,,,,,,,,,,,,,,,,,,,,,,,,,,,,ငါးလာချောင်းကျေးရွာအုပ်စု,,,,,,,,,,
,,,,,,,,,,,,,,,,,,,,,,,,,,,,,,,,,,သဲဖြူကျေးရွာအုပ်စု,,,,,,,,,,
,,,,,,,,,,,,,,,,,,,,,,,,,,,,,,,,,,မိုးကုလားကျေးရွာအုပ်စု,,,,,,,,,,
,,,,,,,,,,,,,,,,,,,,,,,,,,,,,,,,,,အုန်းပင်ကွင်းကျေးရွာအုပ်စု,,,,,,,,,,
,,,,,,,,,,,,,,,,,,,,,,,,,,,,,,,,,,မလေးရှားဝိုင်ကျေးရွာအုပ်စု,,,,,,,,,,
